Residues,MM Energy,MM Error,Polar Energy,Polar Error,APolar Energy,APolar Error,Total Energy,Total Error
LEU-41,15.1294,0.1013,-1.2634000000000001,0.028400000000000002,0.0,0.0,13.866,0.080600000000000005
ALA-42,0.0134,0.0094000000000000004,0.016199999999999999,0.0020999999999999999,0.0,0.0,0.029899999999999999,0.0076
ILE-43,-0.121,0.019699999999999999,0.0349,0.0050000000000000001,0.0,0.0,-0.085699999999999998,0.016400000000000001
VAL-44,-0.19070000000000001,0.0112,0.079600000000000004,0.0025000000000000001,0.0,0.0,-0.1108,0.0099000000000000008
PHE-45,0.0106,0.0082000000000000007,0.033700000000000001,0.0025000000000000001,0.0,0.0,0.044200000000000003,0.0061000000000000004
GLY-46,0.38640000000000002,0.0091000000000000004,-0.078100000000000003,0.0023,0.0,0.0,0.30809999999999998,0.0071999999999999998
ASN-47,0.70920000000000005,0.016899999999999998,-0.20030000000000001,0.0054000000000000003,0.0,0.0,0.50890000000000002,0.0129
GLY-48,0.1517,0.0063,-0.055899999999999998,0.0023999999999999998,0.0,0.0,0.095799999999999996,0.0044000000000000003
LEU-49,0.22259999999999999,0.0060000000000000001,-0.045499999999999999,0.0019,0.0,0.0,0.17699999999999999,0.0045999999999999999
VAL-50,0.43269999999999997,0.0074000000000000003,-0.094600000000000004,0.0020999999999999999,0.0,0.0,0.33829999999999999,0.0060000000000000001
CYS-51,0.1666,0.0189,-0.032399999999999998,0.0048999999999999998,0.0,0.0,0.1346,0.013599999999999999
MET-52,0.21410000000000001,0.0111,-0.0448,0.0023999999999999998,0.0,0.0,0.16919999999999999,0.01
ALA-53,0.2752,0.0033,-0.056300000000000003,0.001,0.0,0.0,0.219,0.0027000000000000001
VAL-54,0.3281,0.0050000000000000001,-0.060600000000000001,0.0012999999999999999,0.0,0.0,0.26729999999999998,0.0041000000000000003
LEU-55,0.2402,0.0041999999999999997,-0.0419,0.0014,0.0,0.0,0.19819999999999999,0.0035000000000000001
LYS-56,10.225,0.061600000000000002,-0.45200000000000001,0.0184,0.0,0.0,9.7706,0.0504
GLU-57,-9.8491999999999997,0.043999999999999997,0.51000000000000001,0.01,0.0,0.0,-9.3400999999999996,0.0344
ARG-58,8.6945999999999994,0.056000000000000001,-0.1749,0.0091000000000000004,0.0,0.0,8.5207999999999995,0.050000000000000003
ALA-59,-0.035499999999999997,0.0035000000000000001,0.00059999999999999995,0.00080000000000000004,0.0,0.0,-0.0349,0.0030999999999999999
LEU-60,-0.12839999999999999,0.0043,0.025700000000000001,0.00069999999999999999,0.0,0.0,-0.1026,0.0037000000000000002
GLN-61,0.32190000000000002,0.0115,-0.0533,0.002,0.0,0.0,0.26850000000000002,0.0101
THR-62,-0.24590000000000001,0.0067000000000000002,0.045199999999999997,0.0012999999999999999,0.0,0.0,-0.20069999999999999,0.0057000000000000002
THR-63,-0.2288,0.0064000000000000003,0.047800000000000002,0.0011999999999999999,0.0,0.0,-0.18110000000000001,0.0054000000000000003
THR-64,-0.4723,0.013299999999999999,0.081799999999999998,0.0018,0.0,0.0,-0.39100000000000001,0.011599999999999999
ASN-65,-0.64080000000000004,0.0091000000000000004,0.13020000000000001,0.0023999999999999998,0.0,0.0,-0.51049999999999995,0.0073000000000000001
TYR-66,-0.30759999999999998,0.0057999999999999996,0.085199999999999998,0.0015,0.0,0.0,-0.2223,0.0047999999999999996
LEU-67,-0.53549999999999998,0.0082000000000000007,0.1057,0.0016000000000000001,0.0,0.0,-0.42980000000000002,0.0073000000000000001
VAL-68,-0.59260000000000002,0.0086999999999999994,0.1123,0.0018,0.0,0.0,-0.48089999999999999,0.0077000000000000002
VAL-69,-0.5575,0.0097999999999999997,0.12870000000000001,0.0022000000000000001,0.0,0.0,-0.42909999999999998,0.0077999999999999996
SER-70,-0.74370000000000003,0.018800000000000001,0.2298,0.0043,0.0,0.0,-0.51359999999999995,0.0161
LEU-71,-0.86839999999999995,0.015699999999999999,0.13469999999999999,0.0028,0.0,0.0,-0.73319999999999996,0.015900000000000001
ALA-72,-0.69140000000000001,0.0137,0.1484,0.0030999999999999999,0.0,0.0,-0.54249999999999998,0.011599999999999999
VAL-73,-0.51349999999999996,0.0099000000000000008,0.16159999999999999,0.0032000000000000002,0.0,0.0,-0.35170000000000001,0.0080000000000000002
ALA-74,-0.76290000000000002,0.031600000000000003,0.27250000000000002,0.0061000000000000004,0.0,0.0,-0.49080000000000001,0.029000000000000001
ASH-75,-0.17219999999999999,0.055599999999999997,0.18679999999999999,0.0135,0.0,0.0,0.012500000000000001,0.050200000000000002
LEU-76,-0.54279999999999995,0.019300000000000001,0.1658,0.0044000000000000003,0.0,0.0,-0.37659999999999999,0.0166
LEU-77,-0.082900000000000001,0.027199999999999998,0.14410000000000001,0.0064999999999999997,0.0,0.0,0.0613,0.023099999999999999
VAL-78,0.2021,0.042099999999999999,0.19889999999999999,0.012800000000000001,0.0,0.0,0.40010000000000001,0.039300000000000002
ALA-79,-0.27310000000000001,0.030300000000000001,0.23089999999999999,0.0088000000000000005,0.0,0.0,-0.043400000000000001,0.024899999999999999
THR-80,0.49459999999999998,0.047800000000000002,-0.0067999999999999996,0.0137,0.0,0.0,0.48759999999999998,0.034799999999999998
LEU-81,0.33610000000000001,0.0309,-0.015599999999999999,0.0080999999999999996,0.0,0.0,0.32069999999999999,0.026100000000000002
VAL-82,0.75790000000000002,0.0579,-0.27339999999999998,0.0161,0.0,0.0,0.48599999999999999,0.047800000000000002
MET-83,-0.46710000000000002,0.1011,0.049399999999999999,0.024299999999999999,0.0,0.0,-0.41860000000000003,0.077399999999999997
PRO-84,-0.14910000000000001,0.021399999999999999,-0.025399999999999999,0.0045999999999999999,0.0,0.0,-0.17469999999999999,0.017500000000000002
TRP-85,0.78680000000000005,0.050999999999999997,-0.40339999999999998,0.014,0.0,0.0,0.38290000000000002,0.040300000000000002
VAL-86,0.90810000000000002,0.051799999999999999,-0.54290000000000005,0.0144,0.0,0.0,0.36720000000000003,0.042799999999999998
VAL-87,-0.1062,0.034000000000000002,-0.18410000000000001,0.0057999999999999996,0.0,0.0,-0.29210000000000003,0.0292
TYR-88,0.4551,0.026599999999999999,-0.20319999999999999,0.0047000000000000002,0.0,0.0,0.252,0.023800000000000002
LEU-89,1.4373,0.034799999999999998,-0.29449999999999998,0.0071000000000000004,-0.0023999999999999998,0.0023999999999999998,1.1439999999999999,0.035400000000000001
GLU-90,-28.969200000000001,0.30270000000000002,3.2166000000000001,0.0528,0.0,0.0,-25.739799999999999,0.28220000000000001
VAL-91,0.40250000000000002,0.0114,-0.12920000000000001,0.0025999999999999999,0.0,0.0,0.27339999999999998,0.010200000000000001
THR-92,0.50619999999999998,0.052600000000000001,-0.1411,0.0053,0.0,0.0,0.36630000000000001,0.048399999999999999
GLY-93,0.71599999999999997,0.043799999999999999,-0.090399999999999994,0.0055999999999999999,0.0,0.0,0.62680000000000002,0.043799999999999999
GLY-94,0.049700000000000001,0.057200000000000001,-0.019199999999999998,0.011299999999999999,0.0,0.0,0.031,0.052600000000000001
VAL-95,0.029700000000000001,0.031300000000000001,0.033000000000000002,0.0047000000000000002,0.0,0.0,0.062199999999999998,0.0287
TRP-96,-0.1188,0.027699999999999999,-0.0037000000000000002,0.0060000000000000001,0.0,0.0,-0.1229,0.022800000000000001
ASN-97,0.24060000000000001,0.050299999999999997,-0.069199999999999998,0.013100000000000001,0.0,0.0,0.1731,0.038300000000000001
PHE-98,0.051499999999999997,0.058799999999999998,-0.017100000000000001,0.0121,0.0,0.0,0.035299999999999998,0.045900000000000003
SER-99,-1.1163000000000001,0.023699999999999999,0.22189999999999999,0.0051000000000000004,0.0,0.0,-0.89390000000000003,0.020799999999999999
ARG-100,23.685300000000002,0.1888,-2.8874,0.043700000000000003,0.0,0.0,20.7987,0.16700000000000001
ILE-101,-0.89149999999999996,0.0161,0.2205,0.0038999999999999998,0.0,0.0,-0.67100000000000004,0.014200000000000001
CYS-102,-0.72629999999999995,0.025000000000000001,0.2354,0.0054999999999999997,0.0,0.0,-0.49120000000000003,0.0206
CYX-103,-2.0992000000000002,0.023400000000000001,0.36559999999999998,0.0080999999999999996,0.0,0.0,-1.7330000000000001,0.023599999999999999
ASP-104,-25.134499999999999,0.1457,3.6156999999999999,0.041300000000000003,0.0,0.0,-21.524100000000001,0.1343
VAL-105,-1.294,0.024400000000000002,0.3569,0.0068999999999999999,0.0,0.0,-0.93820000000000003,0.023099999999999999
PHE-106,-2.1804999999999999,0.070499999999999993,0.87809999999999999,0.025499999999999998,0.0,0.0,-1.3053999999999999,0.059999999999999998
VAL-107,-2.8731,0.055800000000000002,0.71960000000000002,0.025700000000000001,-0.02,0.0068999999999999999,-2.1737000000000002,0.045400000000000003
THR-108,-1.3934,0.059400000000000001,0.064600000000000005,0.012500000000000001,0.0,0.0,-1.3289,0.050900000000000001
LEU-109,-0.54020000000000001,0.051400000000000001,-0.17660000000000001,0.0101,0.0,0.0,-0.71650000000000003,0.049099999999999998
ASP-110,-110.2403,1.2799,43.831200000000003,0.55210000000000004,-0.56540000000000001,0.018100000000000002,-66.956699999999998,1.0692999999999999
VAL-111,-7.5483000000000002,0.28460000000000002,0.63580000000000003,0.037400000000000003,-0.75209999999999999,0.022800000000000001,-7.6615000000000002,0.2457
MET-112,0.15720000000000001,0.054800000000000001,-0.25359999999999999,0.0129,0.0,0.0,-0.095500000000000002,0.046100000000000002
MET-113,2.3717000000000001,0.065500000000000003,-0.72389999999999999,0.017999999999999999,0.0,0.0,1.6460999999999999,0.056099999999999997
CYS-114,1.5187999999999999,0.15479999999999999,-0.2326,0.030099999999999998,-0.24640000000000001,0.014800000000000001,1.0367999999999999,0.1467
THR-115,0.87270000000000003,0.0511,0.087300000000000003,0.032000000000000001,-0.0067999999999999996,0.0030000000000000001,0.95269999999999999,0.055899999999999998
ALA-116,1.0490999999999999,0.017899999999999999,-0.2014,0.0044999999999999997,0.0,0.0,0.84709999999999996,0.017600000000000001
SER-117,1.9507000000000001,0.080100000000000005,-0.30990000000000001,0.0144,0.0,0.0,1.6392,0.076399999999999996
ILE-118,1.1626000000000001,0.019800000000000002,-0.24060000000000001,0.0053,0.0,0.0,0.92110000000000003,0.0201
TRP-119,1.2807999999999999,0.017000000000000001,-0.2203,0.0047000000000000002,0.0,0.0,1.0609999999999999,0.0166
ASN-120,1.4126000000000001,0.073099999999999998,-0.2392,0.011599999999999999,0.0,0.0,1.1767000000000001,0.061100000000000002
LEU-121,0.83160000000000001,0.0121,-0.15590000000000001,0.0025000000000000001,0.0,0.0,0.67569999999999997,0.010800000000000001
CYS-122,0.79390000000000005,0.013599999999999999,-0.1628,0.0037000000000000002,0.0,0.0,0.63170000000000004,0.0112
ALA-123,0.49569999999999997,0.0063,-0.1118,0.0015,0.0,0.0,0.3836,0.0053
ILE-124,0.52490000000000003,0.0070000000000000001,-0.1032,0.0012999999999999999,0.0,0.0,0.42170000000000002,0.0060000000000000001
SER-125,0.50039999999999996,0.0103,-0.1018,0.0018,0.0,0.0,0.39889999999999998,0.0088000000000000005
ILE-126,0.36559999999999998,0.0035999999999999999,-0.079799999999999996,0.0011000000000000001,0.0,0.0,0.28589999999999999,0.0028
ASP-127,-11.891400000000001,0.051799999999999999,0.85070000000000001,0.011299999999999999,0.0,0.0,-11.0427,0.042799999999999998
ARG-128,12.0732,0.059200000000000003,-0.85199999999999998,0.0132,0.0,0.0,11.219900000000001,0.049299999999999997
TYR-129,0.23089999999999999,0.0054999999999999997,-0.046600000000000003,0.00069999999999999999,0.0,0.0,0.1842,0.0054000000000000003
THR-130,0.25440000000000002,0.0054999999999999997,-0.051799999999999999,0.0015,0.0,0.0,0.20250000000000001,0.0044000000000000003
ALA-131,0.22919999999999999,0.0023999999999999998,-0.040500000000000001,0.00080000000000000004,0.0,0.0,0.1885,0.0018
VAL-132,0.21709999999999999,0.0030000000000000001,-0.030499999999999999,0.00069999999999999999,0.0,0.0,0.18640000000000001,0.0023999999999999998
VAL-133,0.184,0.0023999999999999998,-0.022700000000000001,0.00040000000000000002,0.0,0.0,0.16139999999999999,0.0020999999999999999
MET-134,-0.029100000000000001,0.0083999999999999995,-0.0014,0.00089999999999999998,0.0,0.0,-0.0309,0.0077999999999999996
PRO-135,-0.066699999999999995,0.0025999999999999999,0.0074000000000000003,0.00050000000000000001,0.0,0.0,-0.059299999999999999,0.0023
VAL-136,-0.060100000000000001,0.0025999999999999999,0.0083000000000000001,0.00040000000000000002,0.0,0.0,-0.051799999999999999,0.0022000000000000001
HID-137,-0.1348,0.0073000000000000001,0.0038,0.0011000000000000001,0.0,0.0,-0.13109999999999999,0.0066
TYR-138,0.076899999999999996,0.0032000000000000002,-0.015800000000000002,0.00069999999999999999,0.0,0.0,0.061100000000000002,0.0028
GLN-139,-0.14000000000000001,0.016500000000000001,0.019,0.0016000000000000001,0.0,0.0,-0.12039999999999999,0.015299999999999999
HID-140,0.073400000000000007,0.0088999999999999999,-0.0086,0.00089999999999999998,0.0,0.0,0.065100000000000005,0.0083000000000000001
GLY-141,0.072800000000000004,0.0051999999999999998,-0.0068999999999999999,0.00069999999999999999,0.0,0.0,0.065799999999999997,0.0043
THR-142,-0.1019,0.0047000000000000002,0.018100000000000002,0.0011000000000000001,0.0,0.0,-0.083599999999999994,0.0038
GLY-143,-0.057099999999999998,0.0064999999999999997,0.00089999999999999998,0.0012999999999999999,0.0,0.0,-0.056300000000000003,0.0055999999999999999
GLN-144,-0.039899999999999998,0.012200000000000001,-0.0057000000000000002,0.0019,0.0,0.0,-0.045400000000000003,0.010500000000000001
SER-145,0.022499999999999999,0.0048999999999999998,-0.002,0.001,0.0,0.0,0.0206,0.0040000000000000001
SER-146,-0.2258,0.0050000000000000001,0.0441,0.0011999999999999999,0.0,0.0,-0.18140000000000001,0.0041000000000000003
CYS-147,-0.24560000000000001,0.01,0.047,0.0016000000000000001,0.0,0.0,-0.19819999999999999,0.0095999999999999992
ARG-148,9.1730999999999998,0.0344,-0.1027,0.0023999999999999998,0.0,0.0,9.0699000000000005,0.031800000000000002
ARG-149,10.663600000000001,0.050000000000000003,-0.52749999999999997,0.0099000000000000008,0.0,0.0,10.137600000000001,0.041700000000000001
VAL-150,-0.33900000000000002,0.0038999999999999998,0.081000000000000003,0.0011999999999999999,0.0,0.0,-0.25819999999999999,0.0028999999999999998
ALA-151,-0.38340000000000002,0.0040000000000000001,0.1084,0.0016000000000000001,0.0,0.0,-0.27500000000000002,0.0028
LEU-152,-0.3765,0.0035999999999999999,0.10680000000000001,0.0016000000000000001,0.0,0.0,-0.26979999999999998,0.0028999999999999998
MET-153,-0.28860000000000002,0.0161,0.097199999999999995,0.0035000000000000001,0.0,0.0,-0.1913,0.0124
ILE-154,-0.53669999999999995,0.0055999999999999999,0.1515,0.0019,0.0,0.0,-0.38519999999999999,0.0044000000000000003
THR-155,-0.47499999999999998,0.0083000000000000001,0.13339999999999999,0.0022000000000000001,0.0,0.0,-0.34139999999999998,0.0067999999999999996
ALA-156,-0.40379999999999999,0.0061999999999999998,0.1593,0.0023999999999999998,0.0,0.0,-0.2442,0.0054000000000000003
VAL-157,-0.58789999999999998,0.01,0.1371,0.0023999999999999998,0.0,0.0,-0.4511,0.0091999999999999998
TRP-158,-0.99260000000000004,0.013599999999999999,0.27760000000000001,0.0047000000000000002,0.0,0.0,-0.71460000000000001,0.0115
VAL-159,-0.51629999999999998,0.010800000000000001,0.16639999999999999,0.0033,0.0,0.0,-0.34970000000000001,0.0086
LEU-160,-0.41110000000000002,0.015900000000000001,0.084199999999999997,0.0035999999999999999,0.0,0.0,-0.32769999999999999,0.013599999999999999
ALA-161,-0.79859999999999998,0.021100000000000001,0.1246,0.0047999999999999996,0.0,0.0,-0.67310000000000003,0.017500000000000002
PHE-162,-0.84540000000000004,0.020400000000000001,0.13320000000000001,0.0053,0.0,0.0,-0.7117,0.017600000000000001
ALA-163,-0.1797,0.0149,0.062199999999999998,0.0025999999999999999,0.0,0.0,-0.11749999999999999,0.012999999999999999
VAL-164,-0.44540000000000002,0.054100000000000002,-0.028400000000000002,0.0057999999999999996,0.0,0.0,-0.47699999999999998,0.051700000000000003
SER-165,-0.0848,0.094700000000000006,-0.0178,0.0115,0.0,0.0,-0.1045,0.089499999999999996
CYS-166,0.14050000000000001,0.0241,-0.0683,0.0047999999999999996,0.0,0.0,0.073200000000000001,0.0212
PRO-167,0.50019999999999998,0.019,-0.13139999999999999,0.0038999999999999998,0.0,0.0,0.36870000000000003,0.0161
LEU-168,0.98299999999999998,0.036600000000000001,-0.21679999999999999,0.0071999999999999998,0.0,0.0,0.76529999999999998,0.033399999999999999
LEU-169,0.34279999999999999,0.0223,-0.091999999999999998,0.0060000000000000001,0.0,0.0,0.24970000000000001,0.018100000000000002
PHE-170,0.22389999999999999,0.057799999999999997,-0.051299999999999998,0.013299999999999999,0.0,0.0,0.17280000000000001,0.043400000000000001
GLY-171,0.72860000000000003,0.040300000000000002,-0.12670000000000001,0.0064999999999999997,0.0,0.0,0.60140000000000005,0.032800000000000003
PHE-172,0.57609999999999995,0.0183,-0.11459999999999999,0.0038999999999999998,0.0,0.0,0.46079999999999999,0.017500000000000002
ASN-173,0.46200000000000002,0.080299999999999996,-0.070900000000000005,0.014200000000000001,0.0,0.0,0.3906,0.068400000000000002
THR-174,0.073499999999999996,0.057200000000000001,-0.0019,0.0121,0.0,0.0,0.073400000000000007,0.049299999999999997
THR-175,0.21049999999999999,0.074399999999999994,-0.010699999999999999,0.0079000000000000008,0.0,0.0,0.19639999999999999,0.069099999999999995
GLY-176,0.25740000000000002,0.030700000000000002,-0.0012999999999999999,0.0040000000000000001,0.0,0.0,0.2555,0.029000000000000001
ASP-177,-19.3825,0.17799999999999999,1.6798999999999999,0.0402,0.0,0.0,-17.7087,0.1411
PRO-178,-0.84419999999999995,0.024299999999999999,0.16209999999999999,0.0035000000000000001,0.0,0.0,-0.68179999999999996,0.023300000000000001
THR-179,-0.7369,0.036600000000000001,0.080500000000000002,0.0047000000000000002,0.0,0.0,-0.65529999999999999,0.037100000000000001
VAL-180,0.13350000000000001,0.039100000000000003,0.065199999999999994,0.0047000000000000002,0.0,0.0,0.19850000000000001,0.035799999999999998
CYX-181,-1.0194000000000001,0.16719999999999999,0.098500000000000004,0.042799999999999998,-0.0067999999999999996,0.0067999999999999996,-0.92759999999999998,0.16259999999999999
SER-182,1.7083999999999999,0.32850000000000001,0.30759999999999998,0.070800000000000002,-0.018100000000000002,0.0071000000000000004,1.9715,0.3377
ILE-183,-2.5326,0.22009999999999999,0.75800000000000001,0.076100000000000001,-0.092899999999999996,0.015599999999999999,-1.8721000000000001,0.19259999999999999
SER-184,-0.086900000000000005,0.13550000000000001,-0.013299999999999999,0.028799999999999999,0.0,0.0,-0.10249999999999999,0.1236
ASN-185,-1.0263,0.14119999999999999,0.0746,0.0184,0.0,0.0,-0.95050000000000001,0.1268
PRO-186,-0.90469999999999995,0.025899999999999999,0.1166,0.0051000000000000004,0.0,0.0,-0.78720000000000001,0.0246
ASP-187,-18.636399999999998,0.1062,1.9843999999999999,0.034500000000000003,0.0,0.0,-16.6494,0.081900000000000001
PHE-188,-1.5024999999999999,0.075200000000000003,0.57399999999999995,0.024199999999999999,-0.11260000000000001,0.0095999999999999992,-1.0411999999999999,0.080100000000000005
VAL-189,-1.9329000000000001,0.080299999999999996,0.21779999999999999,0.023199999999999998,-0.032099999999999997,0.0074000000000000003,-1.7496,0.073899999999999993
ILE-190,-0.69910000000000005,0.0298,0.051299999999999998,0.0051999999999999998,0.0,0.0,-0.64849999999999997,0.028799999999999999
TYR-191,0.48099999999999998,0.039800000000000002,-0.12909999999999999,0.0082000000000000007,0.0,0.0,0.35289999999999999,0.0356
SER-192,-5.9061000000000003,0.23649999999999999,2.4167000000000001,0.0717,-0.22209999999999999,0.0121,-3.7198000000000002,0.20599999999999999
SER-193,-1.119,0.087999999999999995,0.32290000000000002,0.022800000000000001,-0.067100000000000007,0.0086999999999999994,-0.86750000000000005,0.083299999999999999
VAL-194,-0.26840000000000003,0.025100000000000001,-0.0419,0.0045999999999999999,0.0,0.0,-0.31130000000000002,0.021399999999999999
VAL-195,0.28199999999999997,0.022599999999999999,-0.076600000000000001,0.0057999999999999996,0.0,0.0,0.20599999999999999,0.020799999999999999
SER-196,-2.6231,0.13739999999999999,1.1984999999999999,0.061899999999999997,-0.088999999999999996,0.0091000000000000004,-1.5072000000000001,0.1051
PHE-197,0.0028,0.028899999999999999,-0.071400000000000005,0.0050000000000000001,0.0,0.0,-0.067599999999999993,0.027799999999999998
TYR-198,0.69610000000000005,0.0281,-0.079299999999999995,0.0060000000000000001,0.0,0.0,0.6169,0.028799999999999999
LEU-199,0.53779999999999994,0.0088999999999999999,-0.1225,0.0025999999999999999,0.0,0.0,0.41499999999999998,0.0079000000000000008
PRO-200,0.84140000000000004,0.0114,-0.20219999999999999,0.0030000000000000001,0.0,0.0,0.6391,0.010500000000000001
PHE-201,0.55289999999999995,0.0106,-0.1598,0.0035999999999999999,0.0,0.0,0.39319999999999999,0.0085000000000000006
GLY-202,0.36270000000000002,0.0064999999999999997,-0.12670000000000001,0.0023999999999999998,0.0,0.0,0.23619999999999999,0.0050000000000000001
VAL-203,0.46779999999999999,0.0063,-0.12139999999999999,0.0019,0.0,0.0,0.3463,0.0051999999999999998
THR-204,0.50109999999999999,0.0094000000000000004,-0.099599999999999994,0.0019,0.0,0.0,0.40129999999999999,0.0088000000000000005
VAL-205,0.3201,0.0060000000000000001,-0.071199999999999999,0.0012999999999999999,0.0,0.0,0.24890000000000001,0.0051999999999999998
LEU-206,0.26190000000000002,0.0041000000000000003,-0.053499999999999999,0.0011999999999999999,0.0,0.0,0.20830000000000001,0.0030999999999999999
VAL-207,0.38779999999999998,0.0041000000000000003,-0.0785,0.0011000000000000001,0.0,0.0,0.30930000000000002,0.0030999999999999999
TYR-208,0.26939999999999997,0.0085000000000000006,-0.045100000000000001,0.0033999999999999998,0.0,0.0,0.22439999999999999,0.0080999999999999996
ALA-209,0.21299999999999999,0.0025999999999999999,-0.039399999999999998,0.00080000000000000004,0.0,0.0,0.17369999999999999,0.0020999999999999999
ARG-210,10.016299999999999,0.028899999999999999,-0.33339999999999997,0.0051000000000000004,0.0,0.0,9.6837999999999997,0.025899999999999999
ILE-211,0.30270000000000002,0.0025999999999999999,-0.046600000000000003,0.00069999999999999999,0.0,0.0,0.25609999999999999,0.0023999999999999998
TYR-212,0.19270000000000001,0.0044999999999999997,-0.0207,0.00059999999999999995,0.0,0.0,0.17180000000000001,0.0044000000000000003
VAL-213,0.15840000000000001,0.0019,-0.018599999999999998,0.00040000000000000002,0.0,0.0,0.13980000000000001,0.0016999999999999999
VAL-214,0.19550000000000001,0.0016000000000000001,-0.026200000000000001,0.00040000000000000002,0.0,0.0,0.16930000000000001,0.0012999999999999999
LEU-215,0.22270000000000001,0.0022000000000000001,-0.026100000000000002,0.00050000000000000001,0.0,0.0,0.1966,0.0019
LYS-216,9.1687999999999992,0.038899999999999997,-0.13370000000000001,0.0030999999999999999,0.0,0.0,9.0351999999999997,0.036900000000000002
GLN-217,0.1116,0.0121,-0.0067999999999999996,0.0014,0.0,0.0,0.1045,0.010699999999999999
ARG-218,8.7574000000000005,0.043400000000000001,-0.24560000000000001,0.0074000000000000003,0.0,0.0,8.5144000000000002,0.036700000000000003
ARG-219,8.8010999999999999,0.076300000000000007,-0.1187,0.0054000000000000003,0.0,0.0,8.6798000000000002,0.073099999999999998
ARG-220,7.4541000000000004,0.054699999999999999,-0.049700000000000001,0.0040000000000000001,0.0,0.0,7.4028999999999998,0.054199999999999998
LYS-221,7.4020000000000001,0.034799999999999998,-0.062199999999999998,0.0033,0.0,0.0,7.3403999999999998,0.0332
GLY-319,-0.042099999999999999,0.010200000000000001,0.0060000000000000001,0.001,0.0,0.0,-0.036200000000000003,0.0094999999999999998
VAL-320,0.083199999999999996,0.0028999999999999998,-0.0080999999999999996,0.00040000000000000002,0.0,0.0,0.074999999999999997,0.0025999999999999999
PRO-321,-0.15479999999999999,0.0037000000000000002,0.0206,0.00069999999999999999,0.0,0.0,-0.13420000000000001,0.0028999999999999998
LEU-322,-0.2011,0.0023,0.0309,0.00069999999999999999,0.0,0.0,-0.17030000000000001,0.0019
ARG-323,9.5358000000000001,0.070699999999999999,-0.33939999999999998,0.019599999999999999,0.0,0.0,9.1981999999999999,0.055399999999999998
GLU-324,-10.6769,0.048399999999999999,0.57520000000000004,0.010699999999999999,0.0,0.0,-10.0999,0.0402
LYS-325,9.1722999999999999,0.065600000000000006,-0.20810000000000001,0.0079000000000000008,0.0,0.0,8.9627999999999997,0.059999999999999998
LYS-326,9.6059999999999999,0.063100000000000003,-0.27000000000000002,0.016799999999999999,0.0,0.0,9.3393999999999995,0.050500000000000003
ALA-327,-0.2954,0.0035999999999999999,0.061899999999999997,0.0012999999999999999,0.0,0.0,-0.23350000000000001,0.0030000000000000001
THR-328,-0.39179999999999998,0.0066,0.074399999999999994,0.0015,0.0,0.0,-0.31769999999999998,0.0053
GLN-329,-0.28770000000000001,0.024299999999999999,0.073300000000000004,0.0061000000000000004,0.0,0.0,-0.2135,0.019900000000000001
MET-330,-0.36230000000000001,0.02,0.077700000000000005,0.0030000000000000001,0.0,0.0,-0.28449999999999998,0.016899999999999998
VAL-331,-0.44750000000000001,0.0063,0.0906,0.0019,0.0,0.0,-0.35670000000000002,0.0050000000000000001
ALA-332,-0.40670000000000001,0.0067999999999999996,0.1014,0.0023,0.0,0.0,-0.30520000000000003,0.0051999999999999998
ILE-333,-0.4143,0.0061999999999999998,0.1159,0.0022000000000000001,0.0,0.0,-0.29849999999999999,0.0050000000000000001
VAL-334,-0.58750000000000002,0.0114,0.1236,0.0023,0.0,0.0,-0.46350000000000002,0.0095999999999999992
LEU-335,-0.76619999999999999,0.0115,0.1774,0.0035999999999999999,0.0,0.0,-0.58809999999999996,0.0097999999999999997
GLY-336,-0.55940000000000001,0.014500000000000001,0.14280000000000001,0.0030999999999999999,0.0,0.0,-0.41660000000000003,0.0123
ALA-337,-0.64490000000000003,0.0167,0.1575,0.0035999999999999999,0.0,0.0,-0.48799999999999999,0.0166
PHE-338,-1.0809,0.0224,0.1552,0.0044000000000000003,0.0,0.0,-0.92510000000000003,0.0224
ILE-339,-1.0775999999999999,0.022599999999999999,0.19239999999999999,0.0033999999999999998,0.0,0.0,-0.88449999999999995,0.022499999999999999
VAL-340,-0.64849999999999997,0.018800000000000001,0.18390000000000001,0.0041000000000000003,0.0,0.0,-0.46460000000000001,0.017600000000000001
CYS-341,-0.87380000000000002,0.050999999999999997,0.15620000000000001,0.0095999999999999992,0.0,0.0,-0.71640000000000004,0.049500000000000002
TRP-342,-3.0607000000000002,0.090800000000000006,0.52769999999999995,0.026499999999999999,-0.1648,0.014800000000000001,-2.6991999999999998,0.086999999999999994
LEU-343,-0.96430000000000005,0.027799999999999998,0.042700000000000002,0.0048999999999999998,0.0,0.0,-0.92169999999999996,0.025600000000000001
PRO-344,0.16589999999999999,0.031800000000000002,-0.053199999999999997,0.0088000000000000005,0.0,0.0,0.11210000000000001,0.025899999999999999
PHE-345,-5.7515000000000001,0.2495,0.94989999999999997,0.039699999999999999,-0.7127,0.023400000000000001,-5.5206,0.2432
PHE-346,-2.9582999999999999,0.19570000000000001,0.44900000000000001,0.020400000000000001,-0.22009999999999999,0.0135,-2.7307999999999999,0.19170000000000001
LEU-347,-0.1108,0.024899999999999999,-0.1003,0.0057999999999999996,0.0,0.0,-0.21149999999999999,0.0223
THR-348,1.7995000000000001,0.038199999999999998,-0.20480000000000001,0.0079000000000000008,0.0,0.0,1.5939000000000001,0.034500000000000003
HIE-349,-0.95660000000000001,0.35630000000000001,2.4504000000000001,0.12809999999999999,-0.40139999999999998,0.0144,1.0828,0.34489999999999998
VAL-350,-0.043200000000000002,0.031300000000000001,-0.068699999999999997,0.0050000000000000001,0.0,0.0,-0.1129,0.0286
LEU-351,0.49490000000000001,0.014800000000000001,-0.1099,0.0035000000000000001,0.0,0.0,0.3846,0.012999999999999999
ASN-352,2.649,0.069099999999999995,-0.28839999999999999,0.019800000000000002,0.0,0.0,2.3633999999999999,0.056000000000000001
THR-353,0.19059999999999999,0.039699999999999999,-0.057599999999999998,0.0061000000000000004,0.0,0.0,0.1321,0.036400000000000002
HID-354,-0.4587,0.017999999999999999,-0.036400000000000002,0.0040000000000000001,0.0,0.0,-0.49580000000000002,0.018700000000000001
CYX-355,-0.35470000000000002,0.018100000000000002,0.0395,0.0044999999999999997,0.0,0.0,-0.31459999999999999,0.0144
GLN-356,-0.1852,0.055899999999999998,-0.0061999999999999998,0.0079000000000000008,0.0,0.0,-0.1943,0.050999999999999997
THR-357,-0.27860000000000001,0.015699999999999999,0.061100000000000002,0.0028,0.0,0.0,-0.21729999999999999,0.013599999999999999
CYX-358,0.3967,0.017000000000000001,-0.053499999999999999,0.0027000000000000001,0.0,0.0,0.34310000000000002,0.0167
HID-359,0.034599999999999999,0.023099999999999999,0.063500000000000001,0.0060000000000000001,0.0,0.0,0.098100000000000007,0.0184
VAL-360,0.2412,0.029100000000000001,-0.1348,0.0060000000000000001,0.0,0.0,0.1055,0.025899999999999999
SER-361,-1.4291,0.027900000000000001,0.2873,0.0071999999999999998,0.0,0.0,-1.1417999999999999,0.023099999999999999
PRO-362,-1.3768,0.0235,0.34050000000000002,0.0086999999999999994,0.0,0.0,-1.0363,0.019800000000000002
GLU-363,-20.8249,0.14940000000000001,1.9014,0.037900000000000003,0.0,0.0,-18.922999999999998,0.12089999999999999
LEU-364,-1.1076999999999999,0.024199999999999999,0.27600000000000002,0.0067999999999999996,0.0,0.0,-0.83250000000000002,0.0201
TYR-365,-3.8982999999999999,0.23150000000000001,0.93740000000000001,0.092700000000000005,-0.062199999999999998,0.013299999999999999,-3.0257000000000001,0.19159999999999999
SER-366,-2.4148000000000001,0.096799999999999997,0.70420000000000005,0.0206,0.0,0.0,-1.7095,0.0901
ALA-367,-0.995,0.036799999999999999,0.32869999999999999,0.011900000000000001,0.0,0.0,-0.66639999999999999,0.0293
THR-368,-2.0752999999999999,0.088200000000000001,0.088400000000000006,0.017600000000000001,0.0,0.0,-1.9887999999999999,0.084199999999999997
THR-369,-5.9414999999999996,0.1638,1.26,0.094899999999999998,-0.248,0.0134,-4.9381000000000004,0.13300000000000001
TRP-370,-2.0405000000000002,0.1036,0.52500000000000002,0.0246,0.0,0.0,-1.5094000000000001,0.094
LEU-371,0.4657,0.033399999999999999,-0.037999999999999999,0.0088999999999999999,0.0,0.0,0.4289,0.030800000000000001
GLY-372,3.2305999999999999,0.095399999999999999,-0.32600000000000001,0.0235,-0.0106,0.0035999999999999999,2.8986000000000001,0.097000000000000003
TYR-373,0.12230000000000001,0.3276,-1.1958,0.1502,-0.12,0.010500000000000001,-1.2068000000000001,0.21029999999999999
VAL-374,0.83189999999999997,0.017999999999999999,-0.1608,0.0070000000000000001,0.0,0.0,0.67120000000000002,0.016500000000000001
ASN-375,0.87519999999999998,0.045100000000000001,-0.26329999999999998,0.012500000000000001,0.0,0.0,0.61150000000000004,0.043900000000000002
SER-376,1.8102,0.049500000000000002,-0.247,0.012200000000000001,0.0,0.0,1.5631999999999999,0.051900000000000002
ALA-377,0.76100000000000001,0.011900000000000001,-0.189,0.0044000000000000003,0.0,0.0,0.57199999999999995,0.0094999999999999998
LEU-378,0.88639999999999997,0.0146,-0.16350000000000001,0.0033999999999999998,0.0,0.0,0.72309999999999997,0.0132
ASN-379,1.4134,0.030099999999999998,-0.1341,0.0064999999999999997,0.0,0.0,1.2790999999999999,0.031600000000000003
PRO-380,0.50390000000000001,0.0080999999999999996,-0.10299999999999999,0.0023,0.0,0.0,0.40139999999999998,0.0067000000000000002
VAL-381,0.50680000000000003,0.0061999999999999998,-0.1095,0.0020999999999999999,0.0,0.0,0.3972,0.0047999999999999996
ILE-382,0.54720000000000002,0.0074999999999999997,-0.1197,0.0022000000000000001,0.0,0.0,0.42770000000000002,0.0063
TYR-383,0.47449999999999998,0.021499999999999998,-0.092899999999999996,0.0035999999999999999,0.0,0.0,0.38290000000000002,0.018599999999999998
THR-384,0.37990000000000002,0.012800000000000001,-0.075399999999999995,0.0028,0.0,0.0,0.3049,0.010200000000000001
THR-385,0.4178,0.0080999999999999996,-0.0901,0.0022000000000000001,0.0,0.0,0.32779999999999998,0.0063
PHE-386,0.28839999999999999,0.0032000000000000002,-0.050500000000000003,0.00080000000000000004,0.0,0.0,0.2379,0.0028
ASN-387,0.023400000000000001,0.0253,-0.0045999999999999999,0.0051999999999999998,0.0,0.0,0.017600000000000001,0.020400000000000001
ILE-388,-0.1391,0.0051000000000000004,0.024400000000000002,0.0011000000000000001,0.0,0.0,-0.11409999999999999,0.0041000000000000003
GLU-389,-10.040900000000001,0.056899999999999999,0.53939999999999999,0.0135,0.0,0.0,-9.5030000000000001,0.0453
PHE-390,-0.0281,0.0112,-0.00059999999999999995,0.0022000000000000001,0.0,0.0,-0.028400000000000002,0.0095999999999999992
ARG-391,10.8985,0.048899999999999999,-0.62,0.0115,0.0,0.0,10.281599999999999,0.040000000000000001
LYS-392,9.1936999999999998,0.051299999999999998,-0.35899999999999999,0.0129,0.0,0.0,8.8344000000000005,0.040399999999999998
ALA-393,0.057599999999999998,0.0071000000000000004,-0.0104,0.0011999999999999999,0.0,0.0,0.047399999999999998,0.0063
PHE-394,0.067599999999999993,0.0111,-0.021000000000000001,0.0025999999999999999,0.0,0.0,0.0465,0.0091000000000000004
LEU-395,-0.2198,0.012,0.0465,0.0035000000000000001,0.0,0.0,-0.17330000000000001,0.0097000000000000003
LYS-396,11.126099999999999,0.1469,-0.31030000000000002,0.022499999999999999,0.0,0.0,10.8248,0.12720000000000001
ILE-397,-13.630000000000001,0.2293,0.99680000000000002,0.0591,0.0,0.0,-12.634399999999999,0.1701
DPN-14602,-123.7713,1.0848,133.7903,0.99680000000000002,-7.3066000000000004,0.048000000000000001,2.6951999999999998,1.1678999999999999
